{"cameraMode":{"drawMode":0,"name":"Shaded","section":"Shading Mode"},"sceneLighting":true,"audioPlay":false,"sceneViewState":{"m_AlwaysRefresh":false,"showFog":true,"showSkybox":true,"showFlares":true,"showImageEffects":true,"showParticleSystems":true,"showVisualEffectGraphs":true,"m_FxEnabled":true},"in2DMode":false,"pivot":{"x":5.3230485916137699,"y":0.24989524483680726,"z":0.5336650013923645},"rotation":{"x":0.00004807303412235342,"y":0.9870994091033936,"z":-0.16011762619018556,"w":0.0002975704846903682},"size":0.8316900730133057,"orthographic":false}